药物名称,drug_name,smiles,药物别名,全球最高研发状态,中国最高研发状态,首批年份,原研公司,Active公司,治疗领域/适应症,全球批准适应症,中国批准适应症,全球最高研发状态适应症,中国最高研发状态适应症,Active适应症,ATC代码,靶点,作用机制,药物类型大类,药物类型,中国一类,是否NME,是否复方,是否First-in-Class,是否QIDP,国家/区域,上市国家/区域,首批国家/区域,CAS 号,Inactive公司,Inactive适应症,最后更新日期,drugbank_url
Sulfacetamide Sodium(磺胺醋酰钠),Sulfacetamide Sodium,CC(=O)NS(=O)(=O)C1=CC=C(N)C=C1,"Klaron; Cetamide; Bleph; 
Sulfacetamida; Sulfacetamidum; 
磺醋酰胺; 乙酰磺胺; 磺乙酰胺; 磺乙酸胺; 磺胺醋酰胺; 
スルファセタミドナトリウム;
",批准上市,批准上市,1996,NA,"Bausch & Lomb (Singapore) Pvi Ltd;
江苏神华药业有限公司;
","结膜炎;
沙眼;
眼睑炎;
寻常痤疮;
","结膜炎;
沙眼;
眼睑炎;
寻常痤疮;
","结膜炎;
沙眼;
眼睑炎;
","结膜炎;
沙眼;
眼睑炎;
寻常痤疮;
","结膜炎;
沙眼;
眼睑炎;
","结膜炎;
沙眼;
眼睑炎;
寻常痤疮;
","D10AF06;
S01AB04;
","DHPS;
","Dihydropteroate synthase inhibitors(DHPS抑制剂); 
","化学药;
","有机杂环药物;
",NA,是,否,否,否,"美国;
加拿大;
中国大陆;
","美国;
中国大陆;
","美国;
",6209-17-2(Sulfacetamide Sodium);,"Sandoz Canada Incorporated;
Schering-Plough Canada Inc;
",NA,2020-10-12,https://go.drugbank.com/drugs/DB00634
Silver sulfadiazine/Cerium nitrate,Silver sulfadiazine,[Ag+].NC1=CC=C(C=C1)S(=O)(=O)[N-]C1=NC=CC=N1,"Flammacerium; 
",批准上市,无申报,1983,"Sinclair Is Pharma;
","Hikma Pharmaceuticals;
Sinclair Is Pharma;
","烧伤感染;
","烧伤感染;
",NA,"烧伤感染;
",NA,"烧伤感染;
","D;
","DHPS;
","Dihydropteroate synthase inhibitors(DHPS抑制剂); 
","化学药;
","化学药;
",NA,否,是,否,否,"欧洲联盟;
","欧洲联盟;
","欧洲联盟;
",NA,NA,NA,2020-08-28,https://go.drugbank.com/drugs/DB05245
Sulfamethoxazole/Trimethoprim(磺胺甲噁唑/甲氧苄啶),Sulfamethoxazole,CC1=CC(NS(=O)(=O)C2=CC=C(N)C=C2)=NO1,"Septra Ds; Bactrim; Septra; Bactrim Ds; 
Co-trimoxazole; Trimethoprim/Sulfamethoxazole; Sulfamethoxazole and Trimethoprim; Cotrimoxazole; 
甲氧苄啶磺胺甲噁唑; 磺胺甲噁唑甲氧苄啶; 甲氧苄啶/磺胺甲噁唑; 复方磺胺甲噁唑; 
スルファメトキサゾール•トリメトプリム;
",批准上市,批准上市,1973,"辉瑞;
","Monarch Pharmaceuticals Llc;
天津力生制药股份有限公司;
","细菌感染;
痢疾;
慢性支气管炎;
泌尿系统感染;
志贺氏菌感染;
中耳炎;
肺孢子菌肺炎;
HIV感染;
疟原虫感染;
","细菌感染;
痢疾;
慢性支气管炎;
泌尿系统感染;
志贺氏菌感染;
中耳炎;
","细菌感染;
","细菌感染;
痢疾;
慢性支气管炎;
泌尿系统感染;
志贺氏菌感染;
中耳炎;
","细菌感染;
","细菌感染;
痢疾;
慢性支气管炎;
泌尿系统感染;
志贺氏菌感染;
中耳炎;
","J01EE01;
","DHPS;
DHFR;
","Dihydropteroate synthase inhibitors(DHPS抑制剂); 
","化学药;
","化学药;
",NA,否,是,否,否,"美国;
中非共和国;
中国大陆;
","美国;
中国大陆;
","美国;
",738-70-5(Trimethoprim); 723-46-6(Sulfamethoxazole);,"Institut Pasteur De Paris;
上海复星医药（集团）股份有限公司;
","HIV感染;
肺孢子菌肺炎;
疟原虫感染;
",2021-09-28,https://go.drugbank.com/drugs/DB01015
Sulfamethoxazole/Trimethoprim(磺胺甲噁唑/甲氧苄啶),Trimethoprim,COC1=CC(CC2=CN=C(N)N=C2N)=CC(OC)=C1OC,"Septra Ds; Bactrim; Septra; Bactrim Ds; 
Co-trimoxazole; Trimethoprim/Sulfamethoxazole; Sulfamethoxazole and Trimethoprim; Cotrimoxazole; 
甲氧苄啶磺胺甲噁唑; 磺胺甲噁唑甲氧苄啶; 甲氧苄啶/磺胺甲噁唑; 复方磺胺甲噁唑; 
スルファメトキサゾール•トリメトプリム;
",批准上市,批准上市,1973,"辉瑞;
","Monarch Pharmaceuticals Llc;
天津力生制药股份有限公司;
","细菌感染;
痢疾;
慢性支气管炎;
泌尿系统感染;
志贺氏菌感染;
中耳炎;
肺孢子菌肺炎;
HIV感染;
疟原虫感染;
","细菌感染;
痢疾;
慢性支气管炎;
泌尿系统感染;
志贺氏菌感染;
中耳炎;
","细菌感染;
","细菌感染;
痢疾;
慢性支气管炎;
泌尿系统感染;
志贺氏菌感染;
中耳炎;
","细菌感染;
","细菌感染;
痢疾;
慢性支气管炎;
泌尿系统感染;
志贺氏菌感染;
中耳炎;
","J01EE01;
","DHPS;
DHFR;
","Dihydropteroate synthase inhibitors(DHPS抑制剂); 
","化学药;
","化学药;
",NA,否,是,否,否,"美国;
中非共和国;
中国大陆;
","美国;
中国大陆;
","美国;
",738-70-5(Trimethoprim); 723-46-6(Sulfamethoxazole);,"Institut Pasteur De Paris;
上海复星医药（集团）股份有限公司;
","HIV感染;
肺孢子菌肺炎;
疟原虫感染;
",2021-09-28,https://go.drugbank.com/drugs/DB00440
Sulfamethoxazole(磺胺甲噁唑),Sulfamethoxazole,CC1=CC(NS(=O)(=O)C2=CC=C(N)C=C2)=NO1,"Ro-4-2130; 
sulfamethoxazolum; sulfametoxazol; 
新明磺; 磺胺甲基异唑; 磺胺甲基恶唑; 磺胺甲异恶唑; 磺胺甲基异恶唑; 
スルファメトキサゾール;
",批准上市,批准上市,1965,NA,NA,"泌尿系统感染;
",NA,NA,NA,NA,NA,"J01EC01;
","DHPS;
","Dihydropteroate synthase inhibitors(DHPS抑制剂); 
","化学药;
","有机杂环药物;
",NA,是,否,否,否,"美国;
中国大陆;
","中国大陆;
","美国;
",723-46-6(Sulfamethoxazole);,"罗氏;
","泌尿系统感染;
",2020-11-10,https://go.drugbank.com/drugs/DB01015
Sulfanilamide(磺胺),Sulfanilamide,NC1=CC=C(C=C1)S(N)(=O)=O,"AVC; 
sulfanilamide; sulfanilamidum; sulfanilamida; 
对氨基苯磺酰胺; 氨苯磺胺; 
",批准上市,批准上市,1965,NA,"Mylan Speciality Lp;
上海运佳黄浦制药有限公司;
","细菌感染;
细菌性阴道病;
","细菌感染;
细菌性阴道病;
","细菌感染;
","细菌感染;
细菌性阴道病;
","细菌感染;
","细菌感染;
细菌性阴道病;
","J01EB06;
D06BA05;
","folP;
","Bacterial dihydropteroate synthase inhibitors(folP抑制剂); 
","化学药;
","有机杂环药物;
",NA,是,否,否,否,"美国;
加拿大;
中国大陆;
","美国;
中国大陆;
","美国;
",63-74-1(Sulfanilamide);,"Hoechst Marion Roussel;
",NA,2020-10-10,https://go.drugbank.com/drugs/DB00259
Prednisolone Acetate/Sulfacetamide Sodium(醋酸泼尼松龙/磺胺醋酰钠),Prednisolone Acetate,[H][C@@]12CC[C@](O)(C(=O)COC(C)=O)[C@@]1(C)C[C@]([H])(O)[C@@]1([H])[C@@]2([H])CCC2=CC(=O)C=C[C@]12C,"Blephamide; 
Prednisolone Acetate aand Sulfacetamide Sodium; Sulfacetamide Sodium and Prednisolone Acetate; sulfacetamide sodium–prednisolone acetate; Sulfacetamide and prednisolone; Sulfacetamide Sodium/Prednisolone Acetate; 
",批准上市,无申报,1961,"艾尔建;
","艾尔建;
","眼部感染;
","眼部感染;
",NA,"眼部感染;
",NA,"眼部感染;
","R01AD52;
","DHPS;
","Dihydropteroate synthase inhibitors(DHPS抑制剂); 
","化学药;
","甾体类;
",NA,否,是,否,否,"美国;
","美国;
","美国;
",52-21-1(Prednisolone Acetate); 6209-17-2(Sulfacetamide Sodium);,NA,NA,2020-08-28,https://go.drugbank.com/drugs/DB15566
Prednisolone Acetate/Sulfacetamide Sodium(醋酸泼尼松龙/磺胺醋酰钠),Sulfacetamide Sodium,CC(=O)NS(=O)(=O)C1=CC=C(N)C=C1,"Blephamide; 
Prednisolone Acetate aand Sulfacetamide Sodium; Sulfacetamide Sodium and Prednisolone Acetate; sulfacetamide sodium–prednisolone acetate; Sulfacetamide and prednisolone; Sulfacetamide Sodium/Prednisolone Acetate; 
",批准上市,无申报,1961,"艾尔建;
","艾尔建;
","眼部感染;
","眼部感染;
",NA,"眼部感染;
",NA,"眼部感染;
","R01AD52;
","DHPS;
","Dihydropteroate synthase inhibitors(DHPS抑制剂); 
","化学药;
","甾体类;
",NA,否,是,否,否,"美国;
","美国;
","美国;
",52-21-1(Prednisolone Acetate); 6209-17-2(Sulfacetamide Sodium);,NA,NA,2020-08-28,https://go.drugbank.com/drugs/DB00634
Dapsone(氨苯砜),Dapsone,NC1=CC=C(C=C1)S(=O)(=O)C1=CC=C(N)C=C1,"NSC-6091; IN-201; 
Aczone; Disulone; Atrisone; 
dapsone; dapsonum; dapsona; 
氨苯砚; 氨二苯枫; 二氨二苯砜; 氨苯碸; 
ジアフェニルスルホン;
",批准上市,批准上市,1943,"Jacobus;
","艾尔建;
Torrent Pharmaceuticals Ltd;
","寻常痤疮;
肺炎;
麻风分枝杆菌感染;
疱疹病毒感染;
天疱疮;
非小细胞肺癌;
皮疹;
中风;
","寻常痤疮;
肺炎;
麻风分枝杆菌感染;
疱疹病毒感染;
",NA,"寻常痤疮;
肺炎;
麻风分枝杆菌感染;
疱疹病毒感染;
",NA,"寻常痤疮;
肺炎;
麻风分枝杆菌感染;
疱疹病毒感染;
","J04BA02;
D10AX05;
","DHPS;
","Dihydropteroate synthase inhibitors(DHPS抑制剂); 
","化学药;
","抗生素;
",NA,是,否,否,否,"美国;
伯利兹;
加拿大;
中国大陆;
墨西哥;
","美国;
中国大陆;
",NA,80-08-0(Dapsone);,"Almirall Sa;
Cidat Sa De Cv;
Jacobus Pharmaceutical;
Seegpharm Sa;
Taro Pharmaceuticals Usa;
","非小细胞肺癌;
皮疹;
天疱疮;
中风;
",2020-11-10,https://go.drugbank.com/drugs/DB00250
Sulfadiazine(磺胺嘧啶),Sulfadiazine,NC1=CC=C(C=C1)S(=O)(=O)NC1=NC=CC=N1,"AgSD; NSC-625324; 
Flamazine; Flammazine; 
碲胺嘧啶; 
スルファジアジン;
",批准上市,批准上市,1941,NA,"田边三菱制药株式会社;
宜昌人福药业有限责任公司;
","细菌感染;
","细菌感染;
","细菌感染;
","细菌感染;
","细菌感染;
","细菌感染;
","J01EC02;
","DHPS;
","Dihydropteroate synthase inhibitors(DHPS抑制剂); 
","化学药;
","有机杂环药物;
",NA,是,否,否,否,"美国;
加拿大;
中国大陆;
日本;
","中国大陆;
日本;
","美国;
",68-35-9(Sulfadiazine);,"礼来制药;
Vita Health Products Inc;
",NA,2021-12-10,https://go.drugbank.com/drugs/DB00359
Sulfisomidine(磺胺索嘧啶),Sulfisomidine,CC1=CC(NS(=O)(=O)C2=CC=C(N)C=C2)=NC(C)=N1,"sulfisomidine; sulfisomidina; sulfisomidinum; 
二甲基嘧啶; 磺胺二甲乙醚啶; 磺胺二甲异嘧啶; 磺胺二甲基异嘧啶; 
スルフイソミジン;
",批准上市,批准上市,NA,NA,"海南制药厂有限公司;
","传染性皮肤病;
宫颈炎;
结膜炎;
尿道炎;
疟原虫感染;
","传染性皮肤病;
宫颈炎;
结膜炎;
尿道炎;
疟原虫感染;
","传染性皮肤病;
宫颈炎;
结膜炎;
尿道炎;
疟原虫感染;
","传染性皮肤病;
宫颈炎;
结膜炎;
尿道炎;
疟原虫感染;
","传染性皮肤病;
宫颈炎;
结膜炎;
尿道炎;
疟原虫感染;
","传染性皮肤病;
宫颈炎;
结膜炎;
尿道炎;
疟原虫感染;
","J01EB01;
","DHPS;
","Dihydropteroate synthase inhibitors(DHPS抑制剂); 
","化学药;
","有机杂环药物;
",NA,是,否,否,否,"中国大陆;
","中国大陆;
",NA,515-64-0(Sulfisomidine);,NA,NA,2020-10-13,https://go.drugbank.com/drugs/DB13283
Sulfalene(磺胺林),Sulfalene,COC1=NC=CN=C1NS(=O)(=O)C1=CC=C(N)C=C1,"AS-18908; NSC-110433; 
Sulfaleno; Sulfalenum; Sulfamethoxypyrazine; Sulfametopyrazine; 
磺胺甲氧吡嗪; 
",批准上市,无申报,NA,NA,NA,"呼吸道感染;
泌尿系统感染;
疟原虫感染;
","呼吸道感染;
泌尿系统感染;
疟原虫感染;
",NA,"呼吸道感染;
泌尿系统感染;
疟原虫感染;
",NA,"呼吸道感染;
泌尿系统感染;
疟原虫感染;
","J01ED02;
","DHPS;
","Dihydropteroate synthase inhibitors(DHPS抑制剂); 
","化学药;
","有机杂环药物;
",NA,是,否,否,否,NA,NA,NA,152-47-6(Sulfametopyrazine);,NA,NA,2020-08-28,https://go.drugbank.com/drugs/DB00664
Sulfamethoxazole/Sulfadiazine/Trimethoprim(磺胺甲噁唑/磺胺嘧啶/甲氧苄啶),Sulfamethoxazole,CC1=CC(NS(=O)(=O)C2=CC=C(N)C=C2)=NO1,"联磺甲氧苄啶; 君独克; 
Sulfamethoxazale，Sulfadiazine and Trimethoprim Tablets; 
联磺甲氧苄啶; 
",批准上市,批准上市,NA,NA,NA,"泌尿系统感染;
支气管炎;
中耳炎;
","泌尿系统感染;
支气管炎;
中耳炎;
","泌尿系统感染;
支气管炎;
中耳炎;
","泌尿系统感染;
支气管炎;
中耳炎;
","泌尿系统感染;
支气管炎;
中耳炎;
","泌尿系统感染;
支气管炎;
中耳炎;
","J01EE;
","DHPS;
DHFR;
","Dihydropteroate synthase inhibitors(DHPS抑制剂); 
","化学药;
","化学药;
",NA,否,是,否,否,"中国大陆;
","中国大陆;
",NA,68-35-9(Sulfadiazine); 738-70-5(Trimethoprim); 723-46-6(Sulfamethoxazole);,NA,NA,2021-01-18,https://go.drugbank.com/drugs/DB01015
Sulfamethoxazole/Sulfadiazine/Trimethoprim(磺胺甲噁唑/磺胺嘧啶/甲氧苄啶),Sulfadiazine,NC1=CC=C(C=C1)S(=O)(=O)NC1=NC=CC=N1,"联磺甲氧苄啶; 君独克; 
Sulfamethoxazale，Sulfadiazine and Trimethoprim Tablets; 
联磺甲氧苄啶; 
",批准上市,批准上市,NA,NA,NA,"泌尿系统感染;
支气管炎;
中耳炎;
","泌尿系统感染;
支气管炎;
中耳炎;
","泌尿系统感染;
支气管炎;
中耳炎;
","泌尿系统感染;
支气管炎;
中耳炎;
","泌尿系统感染;
支气管炎;
中耳炎;
","泌尿系统感染;
支气管炎;
中耳炎;
","J01EE;
","DHPS;
DHFR;
","Dihydropteroate synthase inhibitors(DHPS抑制剂); 
","化学药;
","化学药;
",NA,否,是,否,否,"中国大陆;
","中国大陆;
",NA,68-35-9(Sulfadiazine); 738-70-5(Trimethoprim); 723-46-6(Sulfamethoxazole);,NA,NA,2021-01-18,https://go.drugbank.com/drugs/DB00359
Sulfamethoxazole/Sulfadiazine/Trimethoprim(磺胺甲噁唑/磺胺嘧啶/甲氧苄啶),Trimethoprim,COC1=CC(CC2=CN=C(N)N=C2N)=CC(OC)=C1OC,"联磺甲氧苄啶; 君独克; 
Sulfamethoxazale，Sulfadiazine and Trimethoprim Tablets; 
联磺甲氧苄啶; 
",批准上市,批准上市,NA,NA,NA,"泌尿系统感染;
支气管炎;
中耳炎;
","泌尿系统感染;
支气管炎;
中耳炎;
","泌尿系统感染;
支气管炎;
中耳炎;
","泌尿系统感染;
支气管炎;
中耳炎;
","泌尿系统感染;
支气管炎;
中耳炎;
","泌尿系统感染;
支气管炎;
中耳炎;
","J01EE;
","DHPS;
DHFR;
","Dihydropteroate synthase inhibitors(DHPS抑制剂); 
","化学药;
","化学药;
",NA,否,是,否,否,"中国大陆;
","中国大陆;
",NA,68-35-9(Sulfadiazine); 738-70-5(Trimethoprim); 723-46-6(Sulfamethoxazole);,NA,NA,2021-01-18,https://go.drugbank.com/drugs/DB00440
Sodium Sulfamethoxazole/Aminocaproic Acid/Glycyrrhizinate dipotassium/Chlorphenamine Maleate(磺胺甲恶唑钠/氨基己酸/甘草酸二钾/马来酸氯苯那敏),Aminocaproic Acid,NCCCCCC(O)=O,NA,批准上市,无申报,NA,NA,NA,"睑腺炎;
细菌性结膜炎;
眼睑炎;
","睑腺炎;
细菌性结膜炎;
眼睑炎;
",NA,"睑腺炎;
细菌性结膜炎;
眼睑炎;
",NA,"睑腺炎;
细菌性结膜炎;
眼睑炎;
","S01B;
","DHPS;
Plasminogen activators;
11β-HSD1;
HRH1;
","Dihydropteroate synthase inhibitors(DHPS抑制剂); 
Plasminogen activators inhibitors(纤溶酶原激活剂抑制剂); 
Corticosteroid 11-beta-dehydrogenase isozyme 1 inhibitors(11β-HSD1抑制剂); 
Histamine H1 receptor antagonists(HRH1拮抗剂); 
","化学药;
","化学药;
",NA,是,是,否,否,NA,NA,NA,NA,NA,NA,2020-09-23,https://go.drugbank.com/drugs/DB00513
Sodium Sulfamethoxazole/Aminocaproic Acid/Glycyrrhizinate dipotassium/Chlorphenamine Maleate(磺胺甲恶唑钠/氨基己酸/甘草酸二钾/马来酸氯苯那敏),Glycyrrhizinate dipotassium,[H][C@@]12C[C@](C)(CC[C@]1(C)CC[C@]1(C)C2=CC(=O)[C@]2([H])[C@@]3(C)CC[C@H](O[C@H]4O[C@@H]([C@@H](O)[C@H](O)[C@H]4O[C@@H]4O[C@@H]([C@@H](O)[C@H](O)[C@H]4O)C(O)=O)C(O)=O)C(C)(C)[C@]3([H])CC[C@@]12C)C(O)=O,NA,批准上市,无申报,NA,NA,NA,"睑腺炎;
细菌性结膜炎;
眼睑炎;
","睑腺炎;
细菌性结膜炎;
眼睑炎;
",NA,"睑腺炎;
细菌性结膜炎;
眼睑炎;
",NA,"睑腺炎;
细菌性结膜炎;
眼睑炎;
","S01B;
","DHPS;
Plasminogen activators;
11β-HSD1;
HRH1;
","Dihydropteroate synthase inhibitors(DHPS抑制剂); 
Plasminogen activators inhibitors(纤溶酶原激活剂抑制剂); 
Corticosteroid 11-beta-dehydrogenase isozyme 1 inhibitors(11β-HSD1抑制剂); 
Histamine H1 receptor antagonists(HRH1拮抗剂); 
","化学药;
","化学药;
",NA,是,是,否,否,NA,NA,NA,NA,NA,NA,2020-09-23,https://go.drugbank.com/drugs/DB13751
Sodium Sulfamethoxazole/Aminocaproic Acid/Glycyrrhizinate dipotassium/Chlorphenamine Maleate(磺胺甲恶唑钠/氨基己酸/甘草酸二钾/马来酸氯苯那敏),Chlorphenamine Maleate,CN(C)CCC(C1=CC=C(Cl)C=C1)C1=CC=CC=N1,NA,批准上市,无申报,NA,NA,NA,"睑腺炎;
细菌性结膜炎;
眼睑炎;
","睑腺炎;
细菌性结膜炎;
眼睑炎;
",NA,"睑腺炎;
细菌性结膜炎;
眼睑炎;
",NA,"睑腺炎;
细菌性结膜炎;
眼睑炎;
","S01B;
","DHPS;
Plasminogen activators;
11β-HSD1;
HRH1;
","Dihydropteroate synthase inhibitors(DHPS抑制剂); 
Plasminogen activators inhibitors(纤溶酶原激活剂抑制剂); 
Corticosteroid 11-beta-dehydrogenase isozyme 1 inhibitors(11β-HSD1抑制剂); 
Histamine H1 receptor antagonists(HRH1拮抗剂); 
","化学药;
","化学药;
",NA,是,是,否,否,NA,NA,NA,NA,NA,NA,2020-09-23,https://go.drugbank.com/drugs/DB01114
zinc oxide/Sulfanilamide(氧化锌/磺胺),Sulfanilamide,NC1=CC=C(C=C1)S(N)(=O)=O,"磺胺氧化锌; 
",批准上市,批准上市,NA,NA,NA,"细菌感染;
","细菌感染;
","细菌感染;
","细菌感染;
","细菌感染;
","细菌感染;
",NA,"folP;
","Bacterial dihydropteroate synthase inhibitors(folP抑制剂); 
","化学药;
","化学药;
",NA,否,是,否,否,"中国大陆;
","中国大陆;
",NA,NA,NA,NA,2021-01-15,https://go.drugbank.com/drugs/DB00259
Sulfamethoxydiazine/Trimethoprim(磺胺对甲氧嘧啶/甲氧苄啶),Sulfamethoxydiazine,COC1=CN=C(NS(=O)(=O)C2=CC=C(N)C=C2)N=C1,"Compound Sulfamethoxydiazine Tablets; 
复方磺胺对甲氧嘧啶片; 
",批准上市,批准上市,NA,NA,NA,"肺炎链球菌感染;
革兰氏阴性细菌感染;
链球菌感染;
脑膜炎球菌感染;
","肺炎链球菌感染;
革兰氏阴性细菌感染;
链球菌感染;
脑膜炎球菌感染;
","肺炎链球菌感染;
革兰氏阴性细菌感染;
链球菌感染;
脑膜炎球菌感染;
","肺炎链球菌感染;
革兰氏阴性细菌感染;
链球菌感染;
脑膜炎球菌感染;
","肺炎链球菌感染;
革兰氏阴性细菌感染;
链球菌感染;
脑膜炎球菌感染;
","肺炎链球菌感染;
革兰氏阴性细菌感染;
链球菌感染;
脑膜炎球菌感染;
",NA,"DHPS;
DHFR;
","Dihydropteroate synthase inhibitors(DHPS抑制剂); 
Dihydrofolate reductase inhibitors(DHFR抑制剂); 
","化学药;
","化学药;
",NA,否,是,否,否,"中国大陆;
","中国大陆;
",NA,651-06-9(Sulfameter); 738-70-5(Trimethoprim);,NA,NA,2021-01-18,https://go.drugbank.com/drugs/DB06821
Sulfamethoxydiazine/Trimethoprim(磺胺对甲氧嘧啶/甲氧苄啶),Trimethoprim,COC1=CC(CC2=CN=C(N)N=C2N)=CC(OC)=C1OC,"Compound Sulfamethoxydiazine Tablets; 
复方磺胺对甲氧嘧啶片; 
",批准上市,批准上市,NA,NA,NA,"肺炎链球菌感染;
革兰氏阴性细菌感染;
链球菌感染;
脑膜炎球菌感染;
","肺炎链球菌感染;
革兰氏阴性细菌感染;
链球菌感染;
脑膜炎球菌感染;
","肺炎链球菌感染;
革兰氏阴性细菌感染;
链球菌感染;
脑膜炎球菌感染;
","肺炎链球菌感染;
革兰氏阴性细菌感染;
链球菌感染;
脑膜炎球菌感染;
","肺炎链球菌感染;
革兰氏阴性细菌感染;
链球菌感染;
脑膜炎球菌感染;
","肺炎链球菌感染;
革兰氏阴性细菌感染;
链球菌感染;
脑膜炎球菌感染;
",NA,"DHPS;
DHFR;
","Dihydropteroate synthase inhibitors(DHPS抑制剂); 
Dihydrofolate reductase inhibitors(DHFR抑制剂); 
","化学药;
","化学药;
",NA,否,是,否,否,"中国大陆;
","中国大陆;
",NA,651-06-9(Sulfameter); 738-70-5(Trimethoprim);,NA,NA,2021-01-18,https://go.drugbank.com/drugs/DB00440
Sulfadiazine/Trimethoprim(磺胺嘧啶/甲氧苄啶),Sulfadiazine,NC1=CC=C(C=C1)S(=O)(=O)NC1=NC=CC=N1,"Compound Sulfadiazine Granules; 
双嘧啶颗粒; 
スルファジアジン · トリメトプリム;
",批准上市,批准上市,NA,NA,NA,"慢性支气管炎;
泌尿系统感染;
中耳炎;
","慢性支气管炎;
泌尿系统感染;
中耳炎;
","慢性支气管炎;
泌尿系统感染;
中耳炎;
","慢性支气管炎;
泌尿系统感染;
中耳炎;
","慢性支气管炎;
泌尿系统感染;
中耳炎;
","慢性支气管炎;
泌尿系统感染;
中耳炎;
",NA,"DHPS;
DHFR;
","Dihydropteroate synthase inhibitors(DHPS抑制剂); 
Dihydrofolate reductase inhibitors(DHFR抑制剂); 
","化学药;
","化学药;
",NA,否,是,否,否,"中国大陆;
","中国大陆;
",NA,68-35-9(Sulfadiazine); 738-70-5(Trimethoprim);,NA,NA,2021-01-18,https://go.drugbank.com/drugs/DB00359
Sulfadiazine/Trimethoprim(磺胺嘧啶/甲氧苄啶),Trimethoprim,COC1=CC(CC2=CN=C(N)N=C2N)=CC(OC)=C1OC,"Compound Sulfadiazine Granules; 
双嘧啶颗粒; 
スルファジアジン · トリメトプリム;
",批准上市,批准上市,NA,NA,NA,"慢性支气管炎;
泌尿系统感染;
中耳炎;
","慢性支气管炎;
泌尿系统感染;
中耳炎;
","慢性支气管炎;
泌尿系统感染;
中耳炎;
","慢性支气管炎;
泌尿系统感染;
中耳炎;
","慢性支气管炎;
泌尿系统感染;
中耳炎;
","慢性支气管炎;
泌尿系统感染;
中耳炎;
",NA,"DHPS;
DHFR;
","Dihydropteroate synthase inhibitors(DHPS抑制剂); 
Dihydrofolate reductase inhibitors(DHFR抑制剂); 
","化学药;
","化学药;
",NA,否,是,否,否,"中国大陆;
","中国大陆;
",NA,68-35-9(Sulfadiazine); 738-70-5(Trimethoprim);,NA,NA,2021-01-18,https://go.drugbank.com/drugs/DB00440
Sulfamethoxazole/Trimethoprim/Artificial Bezoar/Borneol(磺胺甲噁唑/甲氧苄啶/人工牛黄/冰片),Sulfamethoxazole,CC1=CC(NS(=O)(=O)C2=CC=C(N)C=C2)=NO1,"Sulfmethoxazole,Trimethoprim,Boneol and Artificial Cow-bezoar Tablets; 
磺啶冰黄片; 
",批准上市,批准上市,NA,NA,NA,"扁桃体炎;
肠炎;
痢疾;
泌尿系统感染;
支气管炎;
","扁桃体炎;
肠炎;
痢疾;
泌尿系统感染;
支气管炎;
","扁桃体炎;
肠炎;
痢疾;
泌尿系统感染;
支气管炎;
","扁桃体炎;
肠炎;
痢疾;
泌尿系统感染;
支气管炎;
","扁桃体炎;
肠炎;
痢疾;
泌尿系统感染;
支气管炎;
","扁桃体炎;
肠炎;
痢疾;
泌尿系统感染;
支气管炎;
",NA,"DHPS;
DHFR;
","Dihydropteroate synthase inhibitors(DHPS抑制剂); 
Dihydrofolate reductase inhibitors(DHFR抑制剂); 
","化学药;
","化学药;
",NA,否,是,否,否,"中国大陆;
","中国大陆;
",NA,NA,NA,NA,2021-01-18,https://go.drugbank.com/drugs/DB01015
Sulfamethoxazole/Trimethoprim/Artificial Bezoar/Borneol(磺胺甲噁唑/甲氧苄啶/人工牛黄/冰片),Trimethoprim,COC1=CC(CC2=CN=C(N)N=C2N)=CC(OC)=C1OC,"Sulfmethoxazole,Trimethoprim,Boneol and Artificial Cow-bezoar Tablets; 
磺啶冰黄片; 
",批准上市,批准上市,NA,NA,NA,"扁桃体炎;
肠炎;
痢疾;
泌尿系统感染;
支气管炎;
","扁桃体炎;
肠炎;
痢疾;
泌尿系统感染;
支气管炎;
","扁桃体炎;
肠炎;
痢疾;
泌尿系统感染;
支气管炎;
","扁桃体炎;
肠炎;
痢疾;
泌尿系统感染;
支气管炎;
","扁桃体炎;
肠炎;
痢疾;
泌尿系统感染;
支气管炎;
","扁桃体炎;
肠炎;
痢疾;
泌尿系统感染;
支气管炎;
",NA,"DHPS;
DHFR;
","Dihydropteroate synthase inhibitors(DHPS抑制剂); 
Dihydrofolate reductase inhibitors(DHFR抑制剂); 
","化学药;
","化学药;
",NA,否,是,否,否,"中国大陆;
","中国大陆;
",NA,NA,NA,NA,2021-01-18,https://go.drugbank.com/drugs/DB00440
Sulfamethoxazole/Trimethoprim/Artificial Bezoar/Borneol(磺胺甲噁唑/甲氧苄啶/人工牛黄/冰片),Borneol,CC1(C)C2CCC1(C)C(O)C2,"Sulfmethoxazole,Trimethoprim,Boneol and Artificial Cow-bezoar Tablets; 
磺啶冰黄片; 
",批准上市,批准上市,NA,NA,NA,"扁桃体炎;
肠炎;
痢疾;
泌尿系统感染;
支气管炎;
","扁桃体炎;
肠炎;
痢疾;
泌尿系统感染;
支气管炎;
","扁桃体炎;
肠炎;
痢疾;
泌尿系统感染;
支气管炎;
","扁桃体炎;
肠炎;
痢疾;
泌尿系统感染;
支气管炎;
","扁桃体炎;
肠炎;
痢疾;
泌尿系统感染;
支气管炎;
","扁桃体炎;
肠炎;
痢疾;
泌尿系统感染;
支气管炎;
",NA,"DHPS;
DHFR;
","Dihydropteroate synthase inhibitors(DHPS抑制剂); 
Dihydrofolate reductase inhibitors(DHFR抑制剂); 
","化学药;
","化学药;
",NA,否,是,否,否,"中国大陆;
","中国大陆;
",NA,NA,NA,NA,2021-01-18,https://go.drugbank.com/drugs/DB11288
Bromhexine Hydrochloride/Clorprenaline Hydrochloride/Sulfamethoxazole/Trimethoprim(盐酸溴己新/盐酸氯丙那林/磺胺甲噁唑/甲氧苄啶),Bromhexine Hydrochloride,CN(CC1=CC(Br)=CC(Br)=C1N)C1CCCCC1,"Sulfamethoxazole,Trimethoprim Bromhexine Hydrochloride and Clorprenaline Hydrochloride Capsules; 
磺啶新林胶囊; 
ブロムヘキシン塩酸塩 · 塩酸クロルプレナリン · スルファメトキサゾール · トリメトプリム;
",批准上市,批准上市,NA,NA,NA,"哮喘;
支气管炎;
","哮喘;
支气管炎;
","哮喘;
支气管炎;
","哮喘;
支气管炎;
","哮喘;
支气管炎;
","哮喘;
支气管炎;
",NA,"ADRB2;
DHPS;
DHFR;
","Beta-2 adrenergic receptor agonists(ADRB2激动剂); 
Dihydropteroate synthase inhibitors(DHPS抑制剂); 
Dihydrofolate reductase inhibitors(DHFR抑制剂); 
","化学药;
","化学药;
",NA,否,是,否,否,"中国大陆;
","中国大陆;
",NA,611-75-6(Bromhexine Hydrochloride); 6933-90-0(Clorprenaline hydrochloride); 738-70-5(Trimethoprim); 723-46-6(Sulfamethoxazole);,NA,NA,2021-01-18,https://go.drugbank.com/drugs/DB09019
Bromhexine Hydrochloride/Clorprenaline Hydrochloride/Sulfamethoxazole/Trimethoprim(盐酸溴己新/盐酸氯丙那林/磺胺甲噁唑/甲氧苄啶),Sulfamethoxazole,CC1=CC(NS(=O)(=O)C2=CC=C(N)C=C2)=NO1,"Sulfamethoxazole,Trimethoprim Bromhexine Hydrochloride and Clorprenaline Hydrochloride Capsules; 
磺啶新林胶囊; 
ブロムヘキシン塩酸塩 · 塩酸クロルプレナリン · スルファメトキサゾール · トリメトプリム;
",批准上市,批准上市,NA,NA,NA,"哮喘;
支气管炎;
","哮喘;
支气管炎;
","哮喘;
支气管炎;
","哮喘;
支气管炎;
","哮喘;
支气管炎;
","哮喘;
支气管炎;
",NA,"ADRB2;
DHPS;
DHFR;
","Beta-2 adrenergic receptor agonists(ADRB2激动剂); 
Dihydropteroate synthase inhibitors(DHPS抑制剂); 
Dihydrofolate reductase inhibitors(DHFR抑制剂); 
","化学药;
","化学药;
",NA,否,是,否,否,"中国大陆;
","中国大陆;
",NA,611-75-6(Bromhexine Hydrochloride); 6933-90-0(Clorprenaline hydrochloride); 738-70-5(Trimethoprim); 723-46-6(Sulfamethoxazole);,NA,NA,2021-01-18,https://go.drugbank.com/drugs/DB01015
Bromhexine Hydrochloride/Clorprenaline Hydrochloride/Sulfamethoxazole/Trimethoprim(盐酸溴己新/盐酸氯丙那林/磺胺甲噁唑/甲氧苄啶),Trimethoprim,COC1=CC(CC2=CN=C(N)N=C2N)=CC(OC)=C1OC,"Sulfamethoxazole,Trimethoprim Bromhexine Hydrochloride and Clorprenaline Hydrochloride Capsules; 
磺啶新林胶囊; 
ブロムヘキシン塩酸塩 · 塩酸クロルプレナリン · スルファメトキサゾール · トリメトプリム;
",批准上市,批准上市,NA,NA,NA,"哮喘;
支气管炎;
","哮喘;
支气管炎;
","哮喘;
支气管炎;
","哮喘;
支气管炎;
","哮喘;
支气管炎;
","哮喘;
支气管炎;
",NA,"ADRB2;
DHPS;
DHFR;
","Beta-2 adrenergic receptor agonists(ADRB2激动剂); 
Dihydropteroate synthase inhibitors(DHPS抑制剂); 
Dihydrofolate reductase inhibitors(DHFR抑制剂); 
","化学药;
","化学药;
",NA,否,是,否,否,"中国大陆;
","中国大陆;
",NA,611-75-6(Bromhexine Hydrochloride); 6933-90-0(Clorprenaline hydrochloride); 738-70-5(Trimethoprim); 723-46-6(Sulfamethoxazole);,NA,NA,2021-01-18,https://go.drugbank.com/drugs/DB00440
Sulfamethoxazole/Trimethoprim/Pentoxyverine Citrate/Bromhexine Hydrochloride(磺胺甲噁唑/甲氧苄啶/枸橼酸喷托维林/盐酸溴己新),Sulfamethoxazole,CC1=CC(NS(=O)(=O)C2=CC=C(N)C=C2)=NO1,"Pediatric Pentoxyverine Citrate Sulfamethoxzaole Bromhexine Hydrochloride and Trimethoprim Tablets; Pentoxyverine Citrate Sulfamethoxazole Bromhexine Hydrochloride and Trimethoprim Tablets; 
小儿枸磺新啶片; 枸磺新啶片; 
スルファメトキサゾール · トリメトプリム · ペントキシベリンクエン酸塩 · ブロムヘキシン塩酸塩;
",批准上市,批准上市,NA,NA,NA,"呼吸道感染;
","呼吸道感染;
","呼吸道感染;
","呼吸道感染;
","呼吸道感染;
","呼吸道感染;
",NA,"DHPS;
DHFR;
","Dihydropteroate synthase inhibitors(DHPS抑制剂); 
Dihydrofolate reductase inhibitors(DHFR抑制剂); 
","化学药;
","化学药;
",NA,否,是,否,否,"中国大陆;
","中国大陆;
",NA,611-75-6(Bromhexine Hydrochloride); 23142-01-0(Pentoxyverine Citrate); 738-70-5(Trimethoprim); 723-46-6(Sulfamethoxazole);,NA,NA,2021-01-18,https://go.drugbank.com/drugs/DB01015
Sulfamethoxazole/Trimethoprim/Pentoxyverine Citrate/Bromhexine Hydrochloride(磺胺甲噁唑/甲氧苄啶/枸橼酸喷托维林/盐酸溴己新),Trimethoprim,COC1=CC(CC2=CN=C(N)N=C2N)=CC(OC)=C1OC,"Pediatric Pentoxyverine Citrate Sulfamethoxzaole Bromhexine Hydrochloride and Trimethoprim Tablets; Pentoxyverine Citrate Sulfamethoxazole Bromhexine Hydrochloride and Trimethoprim Tablets; 
小儿枸磺新啶片; 枸磺新啶片; 
スルファメトキサゾール · トリメトプリム · ペントキシベリンクエン酸塩 · ブロムヘキシン塩酸塩;
",批准上市,批准上市,NA,NA,NA,"呼吸道感染;
","呼吸道感染;
","呼吸道感染;
","呼吸道感染;
","呼吸道感染;
","呼吸道感染;
",NA,"DHPS;
DHFR;
","Dihydropteroate synthase inhibitors(DHPS抑制剂); 
Dihydrofolate reductase inhibitors(DHFR抑制剂); 
","化学药;
","化学药;
",NA,否,是,否,否,"中国大陆;
","中国大陆;
",NA,611-75-6(Bromhexine Hydrochloride); 23142-01-0(Pentoxyverine Citrate); 738-70-5(Trimethoprim); 723-46-6(Sulfamethoxazole);,NA,NA,2021-01-18,https://go.drugbank.com/drugs/DB00440
Sulfamethoxazole/Trimethoprim/Pentoxyverine Citrate/Bromhexine Hydrochloride(磺胺甲噁唑/甲氧苄啶/枸橼酸喷托维林/盐酸溴己新),Pentoxyverine Citrate,CCN(CC)CCOCCOC(=O)C1(CCCC1)C1=CC=CC=C1,"Pediatric Pentoxyverine Citrate Sulfamethoxzaole Bromhexine Hydrochloride and Trimethoprim Tablets; Pentoxyverine Citrate Sulfamethoxazole Bromhexine Hydrochloride and Trimethoprim Tablets; 
小儿枸磺新啶片; 枸磺新啶片; 
スルファメトキサゾール · トリメトプリム · ペントキシベリンクエン酸塩 · ブロムヘキシン塩酸塩;
",批准上市,批准上市,NA,NA,NA,"呼吸道感染;
","呼吸道感染;
","呼吸道感染;
","呼吸道感染;
","呼吸道感染;
","呼吸道感染;
",NA,"DHPS;
DHFR;
","Dihydropteroate synthase inhibitors(DHPS抑制剂); 
Dihydrofolate reductase inhibitors(DHFR抑制剂); 
","化学药;
","化学药;
",NA,否,是,否,否,"中国大陆;
","中国大陆;
",NA,611-75-6(Bromhexine Hydrochloride); 23142-01-0(Pentoxyverine Citrate); 738-70-5(Trimethoprim); 723-46-6(Sulfamethoxazole);,NA,NA,2021-01-18,https://go.drugbank.com/drugs/DB11186
Sulfamethoxazole/Trimethoprim/Pentoxyverine Citrate/Bromhexine Hydrochloride(磺胺甲噁唑/甲氧苄啶/枸橼酸喷托维林/盐酸溴己新),Bromhexine Hydrochloride,CN(CC1=CC(Br)=CC(Br)=C1N)C1CCCCC1,"Pediatric Pentoxyverine Citrate Sulfamethoxzaole Bromhexine Hydrochloride and Trimethoprim Tablets; Pentoxyverine Citrate Sulfamethoxazole Bromhexine Hydrochloride and Trimethoprim Tablets; 
小儿枸磺新啶片; 枸磺新啶片; 
スルファメトキサゾール · トリメトプリム · ペントキシベリンクエン酸塩 · ブロムヘキシン塩酸塩;
",批准上市,批准上市,NA,NA,NA,"呼吸道感染;
","呼吸道感染;
","呼吸道感染;
","呼吸道感染;
","呼吸道感染;
","呼吸道感染;
",NA,"DHPS;
DHFR;
","Dihydropteroate synthase inhibitors(DHPS抑制剂); 
Dihydrofolate reductase inhibitors(DHFR抑制剂); 
","化学药;
","化学药;
",NA,否,是,否,否,"中国大陆;
","中国大陆;
",NA,611-75-6(Bromhexine Hydrochloride); 23142-01-0(Pentoxyverine Citrate); 738-70-5(Trimethoprim); 723-46-6(Sulfamethoxazole);,NA,NA,2021-01-18,https://go.drugbank.com/drugs/DB09019
Sulfadiazine Silver/Sulfadiazine Zinc(磺胺嘧啶银/磺胺嘧啶锌),Sulfadiazine Silver,[Ag+].NC1=CC=C(C=C1)S(=O)(=O)[N-]C1=NC=CC=N1,"复方磺胺嘧啶锌乳膏; 
",批准上市,无申报,NA,NA,NA,NA,NA,NA,NA,NA,NA,NA,"DNA;
DHPS;
","DNA binders(DNA结合剂); 
Dihydropteroate synthase inhibitors(DHPS抑制剂); 
","化学药;
","有机杂环药物;
",NA,否,是,否,否,NA,NA,NA,22199-08-2(Sulfadiazine silver); 66219-86-1(Sulfadiazine Zinc);,NA,NA,2021-07-12,https://go.drugbank.com/drugs/DB05245
Sulfadiazine/Sulfaguanidine/Sodium Bicarbonate(磺胺嘧啶/磺胺胍/碳酸氢钠),Sulfadiazine,NC1=CC=C(C=C1)S(=O)(=O)NC1=NC=CC=N1,NA,批准上市,无申报,NA,NA,NA,NA,NA,NA,NA,NA,NA,NA,"DHPS;
Folate;
","Dihydropteroate synthase inhibitors(DHPS抑制剂); 
Folate inhibitors(叶酸抑制剂); 
","化学药;
","有机杂环药物;
",NA,否,是,否,否,NA,NA,NA,68-35-9(Sulfadiazine); 144-55-8(Sodium Bicarbonate); 57-67-0(Sulfaguanidine);,NA,NA,2021-07-12,https://go.drugbank.com/drugs/DB00359
Sulfadiazine/Sulfaguanidine/Sodium Bicarbonate(磺胺嘧啶/磺胺胍/碳酸氢钠),Sulfaguanidine,NC(=N)NS(=O)(=O)C1=CC=C(N)C=C1,NA,批准上市,无申报,NA,NA,NA,NA,NA,NA,NA,NA,NA,NA,"DHPS;
Folate;
","Dihydropteroate synthase inhibitors(DHPS抑制剂); 
Folate inhibitors(叶酸抑制剂); 
","化学药;
","有机杂环药物;
",NA,否,是,否,否,NA,NA,NA,68-35-9(Sulfadiazine); 144-55-8(Sodium Bicarbonate); 57-67-0(Sulfaguanidine);,NA,NA,2021-07-12,https://go.drugbank.com/drugs/DB13726
Sulfadiazine/Sulfaguanidine/Sodium Bicarbonate(磺胺嘧啶/磺胺胍/碳酸氢钠),Sodium Bicarbonate,[Na+].OC([O-])=O,NA,批准上市,无申报,NA,NA,NA,NA,NA,NA,NA,NA,NA,NA,"DHPS;
Folate;
","Dihydropteroate synthase inhibitors(DHPS抑制剂); 
Folate inhibitors(叶酸抑制剂); 
","化学药;
","有机杂环药物;
",NA,否,是,否,否,NA,NA,NA,68-35-9(Sulfadiazine); 144-55-8(Sodium Bicarbonate); 57-67-0(Sulfaguanidine);,NA,NA,2021-07-12,https://go.drugbank.com/drugs/DB01390
Sulfathiazole(磺胺噻唑),Sulfathiazole,NC1=CC=C(C=C1)S(=O)(=O)NC1=NC=CS1,"M&B-760; RP-2090; 
Sulfatiazol; Norsulfazolum; 
Sulfathiazolum; 
磺胺赛唑; 磺胺塞唑; 磺胺鶲唑; 
",批准上市,无申报,NA,NA,NA,"传染性皮肤病;
细菌性阴道病;
","传染性皮肤病;
细菌性阴道病;
",NA,"传染性皮肤病;
细菌性阴道病;
",NA,"传染性皮肤病;
细菌性阴道病;
","J01EB07;
D06BA02;
","DHPS;
","Dihydropteroate synthase inhibitors(DHPS抑制剂); 
","化学药;
","有机杂环药物;
",NA,是,否,否,否,NA,NA,NA,72-14-0(Sulfathiazole);,NA,NA,2020-08-28,https://go.drugbank.com/drugs/DB06147
Sulfamoxole(磺胺噁唑),Sulfamoxole,CC1=C(C)N=C(NS(=O)(=O)C2=CC=C(N)C=C2)O1,"sulfamoxolum; sulfamoxol; sulfamoxole; 
磺胺二甲恶唑; 磺胺二甲基恶唑; 
",批准上市,无申报,NA,NA,NA,"细菌感染;
","细菌感染;
",NA,"细菌感染;
",NA,"细菌感染;
","J01EC03;
","folP;
","Bacterial dihydropteroate synthase inhibitors(folP抑制剂); 
","化学药;
","有机杂环药物;
",NA,是,否,否,否,NA,NA,NA,729-99-7(Sulfamoxole);,NA,NA,2020-08-28,https://go.drugbank.com/drugs/DB08798
Sulfadimethoxine(磺胺地索辛),Sulfadimethoxine,COC1=NC(OC)=NC(NS(=O)(=O)C2=CC=C(N)C=C2)=C1,"Abcid; Agribon; 
Sulphadimethoxine; 
スルファジメトキシン;
",批准上市,无申报,NA,NA,NA,"传染性皮肤病;
泌尿系统感染;
","传染性皮肤病;
泌尿系统感染;
",NA,"传染性皮肤病;
泌尿系统感染;
",NA,"传染性皮肤病;
泌尿系统感染;
","J01ED01;
","folP;
","Bacterial dihydropteroate synthase inhibitors(folP抑制剂); 
","化学药;
","有机杂环药物;
",NA,否,否,否,否,NA,NA,NA,122-11-2(Sulfadimethoxine);,NA,NA,2020-08-28,https://go.drugbank.com/drugs/DB06150
Artesunate/Pyrimethamine/Sulfalene(青蒿琥酯/乙胺嘧啶/磺胺林),Artesunate,[H][C@@]12CC[C@@H](C)[C@]3([H])CC[C@@]4(C)OO[C@@]13[C@]([H])(O[C@@H](OC(=O)CCC(O)=O)[C@@H]2C)O4,"AS/SP; 
Co-Arinate; Coarinate; 
Pyrimethamine/Sulfalene/Artesunate; Sulfalene/Artesunate/Pyrimethamine; Artesunic acid/Pyrimethamine/Sulfalene; Artesunate/sulfamethoxypyrazine/pyrimethamine; 
青蒿琥酯乙胺嘧啶磺胺林; 磺胺林/青蒿琥酯/乙胺嘧啶; 乙胺嘧啶/青蒿琥酯/磺胺林; 乙胺嘧啶/磺胺林/青蒿琥酯; 
",批准上市,无申报,NA,"Dafra Pharma;
","Dafra Pharma;
","疟原虫感染;
","疟原虫感染;
",NA,"疟原虫感染;
",NA,"疟原虫感染;
","P01B;
","DHPS;
ATP2A2;
DHFR;
ATP2A1;
","Dihydrofolate reductase inhibitors(DHFR抑制剂); 
Dihydropteroate synthase inhibitors(DHPS抑制剂); 
","化学药;
","化学药;
",NA,否,是,否,否,NA,NA,NA,152-47-6(Sulfametopyrazine); 88495-63-0(Artesunate); 58-14-0(Pyrimethamine);,NA,NA,2020-08-28,https://go.drugbank.com/drugs/DB09274
Artesunate/Pyrimethamine/Sulfalene(青蒿琥酯/乙胺嘧啶/磺胺林),Pyrimethamine,CCC1=C(C(N)=NC(N)=N1)C1=CC=C(Cl)C=C1,"AS/SP; 
Co-Arinate; Coarinate; 
Pyrimethamine/Sulfalene/Artesunate; Sulfalene/Artesunate/Pyrimethamine; Artesunic acid/Pyrimethamine/Sulfalene; Artesunate/sulfamethoxypyrazine/pyrimethamine; 
青蒿琥酯乙胺嘧啶磺胺林; 磺胺林/青蒿琥酯/乙胺嘧啶; 乙胺嘧啶/青蒿琥酯/磺胺林; 乙胺嘧啶/磺胺林/青蒿琥酯; 
",批准上市,无申报,NA,"Dafra Pharma;
","Dafra Pharma;
","疟原虫感染;
","疟原虫感染;
",NA,"疟原虫感染;
",NA,"疟原虫感染;
","P01B;
","DHPS;
ATP2A2;
DHFR;
ATP2A1;
","Dihydrofolate reductase inhibitors(DHFR抑制剂); 
Dihydropteroate synthase inhibitors(DHPS抑制剂); 
","化学药;
","化学药;
",NA,否,是,否,否,NA,NA,NA,152-47-6(Sulfametopyrazine); 88495-63-0(Artesunate); 58-14-0(Pyrimethamine);,NA,NA,2020-08-28,https://go.drugbank.com/drugs/DB00205
Artesunate/Pyrimethamine/Sulfalene(青蒿琥酯/乙胺嘧啶/磺胺林),Sulfalene,COC1=NC=CN=C1NS(=O)(=O)C1=CC=C(N)C=C1,"AS/SP; 
Co-Arinate; Coarinate; 
Pyrimethamine/Sulfalene/Artesunate; Sulfalene/Artesunate/Pyrimethamine; Artesunic acid/Pyrimethamine/Sulfalene; Artesunate/sulfamethoxypyrazine/pyrimethamine; 
青蒿琥酯乙胺嘧啶磺胺林; 磺胺林/青蒿琥酯/乙胺嘧啶; 乙胺嘧啶/青蒿琥酯/磺胺林; 乙胺嘧啶/磺胺林/青蒿琥酯; 
",批准上市,无申报,NA,"Dafra Pharma;
","Dafra Pharma;
","疟原虫感染;
","疟原虫感染;
",NA,"疟原虫感染;
",NA,"疟原虫感染;
","P01B;
","DHPS;
ATP2A2;
DHFR;
ATP2A1;
","Dihydrofolate reductase inhibitors(DHFR抑制剂); 
Dihydropteroate synthase inhibitors(DHPS抑制剂); 
","化学药;
","化学药;
",NA,否,是,否,否,NA,NA,NA,152-47-6(Sulfametopyrazine); 88495-63-0(Artesunate); 58-14-0(Pyrimethamine);,NA,NA,2020-08-28,https://go.drugbank.com/drugs/DB00664
Phenazopyridine Hydrochloride/Sulfamethoxazole/Trimethoprim(盐酸非那吡啶/磺胺甲噁唑/甲氧苄啶),Phenazopyridine Hydrochloride,NC1=NC(N)=C(C=C1)\N=N\C1=CC=CC=C1,"スルファメトキサゾール•トリメトプリム; Trimethoprim/Sulfamethoxazole/Phenazopyridine Hydrochloride; Sulfamethoxazole and Trimethoprim and phenazopyridine hydrochloride; 
",撤市,无申报,2001,"Able Laboratories Inc;
",NA,"泌尿系统感染;
",NA,NA,"泌尿系统感染;
",NA,NA,NA,"SCNA;
DHPS;
DHFR;
","Dihydropteroate synthase inhibitors(DHPS抑制剂); 
","化学药;
","化学药;
",NA,否,是,否,否,"美国;
",NA,"美国;
",136-40-3(Phenazopyridine Hydrochloride); 738-70-5(Trimethoprim); 723-46-6(Sulfamethoxazole);,"Able Laboratories Inc;
","泌尿系统感染;
",2020-08-28,https://go.drugbank.com/drugs/DB01438
Phenazopyridine Hydrochloride/Sulfamethoxazole/Trimethoprim(盐酸非那吡啶/磺胺甲噁唑/甲氧苄啶),Sulfamethoxazole,CC1=CC(NS(=O)(=O)C2=CC=C(N)C=C2)=NO1,"スルファメトキサゾール•トリメトプリム; Trimethoprim/Sulfamethoxazole/Phenazopyridine Hydrochloride; Sulfamethoxazole and Trimethoprim and phenazopyridine hydrochloride; 
",撤市,无申报,2001,"Able Laboratories Inc;
",NA,"泌尿系统感染;
",NA,NA,"泌尿系统感染;
",NA,NA,NA,"SCNA;
DHPS;
DHFR;
","Dihydropteroate synthase inhibitors(DHPS抑制剂); 
","化学药;
","化学药;
",NA,否,是,否,否,"美国;
",NA,"美国;
",136-40-3(Phenazopyridine Hydrochloride); 738-70-5(Trimethoprim); 723-46-6(Sulfamethoxazole);,"Able Laboratories Inc;
","泌尿系统感染;
",2020-08-28,https://go.drugbank.com/drugs/DB01015
Phenazopyridine Hydrochloride/Sulfamethoxazole/Trimethoprim(盐酸非那吡啶/磺胺甲噁唑/甲氧苄啶),Trimethoprim,COC1=CC(CC2=CN=C(N)N=C2N)=CC(OC)=C1OC,"スルファメトキサゾール•トリメトプリム; Trimethoprim/Sulfamethoxazole/Phenazopyridine Hydrochloride; Sulfamethoxazole and Trimethoprim and phenazopyridine hydrochloride; 
",撤市,无申报,2001,"Able Laboratories Inc;
",NA,"泌尿系统感染;
",NA,NA,"泌尿系统感染;
",NA,NA,NA,"SCNA;
DHPS;
DHFR;
","Dihydropteroate synthase inhibitors(DHPS抑制剂); 
","化学药;
","化学药;
",NA,否,是,否,否,"美国;
",NA,"美国;
",136-40-3(Phenazopyridine Hydrochloride); 738-70-5(Trimethoprim); 723-46-6(Sulfamethoxazole);,"Able Laboratories Inc;
","泌尿系统感染;
",2020-08-28,https://go.drugbank.com/drugs/DB00440
Fluorometholone/Sulfacetamide Sodium(氟米龙/磺胺醋酰钠),Fluorometholone,[H][C@@]12CC[C@](O)(C(C)=O)[C@@]1(C)C[C@H](O)[C@@]1(F)[C@@]2([H])C[C@H](C)C2=CC(=O)C=C[C@]12C,"FML-S; 
Sulfacetamide Sodium/Fluorometholone; Fluorometholone and Sulfacetamide Sodium; Sulfacetamide Sodium and Fluorometholone; 
磺胺醋酰钠/氟米龙; 
",撤市,无申报,1989,"艾尔建;
",NA,"眼部感染;
",NA,NA,"眼部感染;
",NA,NA,NA,"GR;
DHPS;
","Dihydropteroate synthase inhibitors(DHPS抑制剂); 
Glucocorticoid receptor agonists(GR激动剂); 
","化学药;
","化学药;
",NA,否,是,否,否,"美国;
",NA,"美国;
",426-13-1(Fluorometholone); 6209-17-2(Sulfacetamide Sodium);,"艾尔建;
","眼部感染;
",2020-08-28,https://go.drugbank.com/drugs/DB00324
Fluorometholone/Sulfacetamide Sodium(氟米龙/磺胺醋酰钠),Sulfacetamide Sodium,CC(=O)NS(=O)(=O)C1=CC=C(N)C=C1,"FML-S; 
Sulfacetamide Sodium/Fluorometholone; Fluorometholone and Sulfacetamide Sodium; Sulfacetamide Sodium and Fluorometholone; 
磺胺醋酰钠/氟米龙; 
",撤市,无申报,1989,"艾尔建;
",NA,"眼部感染;
",NA,NA,"眼部感染;
",NA,NA,NA,"GR;
DHPS;
","Dihydropteroate synthase inhibitors(DHPS抑制剂); 
Glucocorticoid receptor agonists(GR激动剂); 
","化学药;
","化学药;
",NA,否,是,否,否,"美国;
",NA,"美国;
",426-13-1(Fluorometholone); 6209-17-2(Sulfacetamide Sodium);,"艾尔建;
","眼部感染;
",2020-08-28,https://go.drugbank.com/drugs/DB00634
Prednisolone Sodium Phosphate/Sulfacetamide Sodium(泼尼松龙磷酸钠/磺胺醋酰钠),Prednisolone Sodium Phosphate,[H][C@@]12CC[C@](O)(C(=O)COP(O)(O)=O)[C@@]1(C)C[C@H](O)[C@@]1([H])[C@@]2([H])CCC2=CC(=O)C=C[C@]12C,"Vasocidin; 
Sulfacetamide/Prednisolone Sodium Phosphate; Sulfacetamide Sodium/Prednisolone Sodium Phosphate; Sulfacetamide sodium + Prednisolone sodium phosphate; Prednisolone Sodium Phosphate and Sulfacetamide Sodium; sulfacetamide sodium and prednisolone sodium phosphate; 
磺胺醋酰钠/泼尼松龙磷酸钠; 
",撤市,无申报,1988,"诺华制药;
",NA,"眼部感染;
眼睛发炎;
",NA,NA,"眼部感染;
眼睛发炎;
",NA,NA,"R01AD52;
","GR;
DHPS;
","Dihydropteroate synthase inhibitors(DHPS抑制剂); 
Glucocorticoid receptor antagonists(GR拮抗剂); 
Glucocorticoid receptor agonists(GR激动剂); 
","化学药;
","甾体类;
",NA,否,是,否,否,"美国;
",NA,"美国;
",125-02-0(Prednisolone Sodium Phosphate); 6209-17-2(Sulfacetamide Sodium);,"诺华制药;
","眼部感染;
眼睛发炎;
",2020-08-28,https://go.drugbank.com/drugs/DB14631
Prednisolone Sodium Phosphate/Sulfacetamide Sodium(泼尼松龙磷酸钠/磺胺醋酰钠),Sulfacetamide Sodium,CC(=O)NS(=O)(=O)C1=CC=C(N)C=C1,"Vasocidin; 
Sulfacetamide/Prednisolone Sodium Phosphate; Sulfacetamide Sodium/Prednisolone Sodium Phosphate; Sulfacetamide sodium + Prednisolone sodium phosphate; Prednisolone Sodium Phosphate and Sulfacetamide Sodium; sulfacetamide sodium and prednisolone sodium phosphate; 
磺胺醋酰钠/泼尼松龙磷酸钠; 
",撤市,无申报,1988,"诺华制药;
",NA,"眼部感染;
眼睛发炎;
",NA,NA,"眼部感染;
眼睛发炎;
",NA,NA,"R01AD52;
","GR;
DHPS;
","Dihydropteroate synthase inhibitors(DHPS抑制剂); 
Glucocorticoid receptor antagonists(GR拮抗剂); 
Glucocorticoid receptor agonists(GR激动剂); 
","化学药;
","甾体类;
",NA,否,是,否,否,"美国;
",NA,"美国;
",125-02-0(Prednisolone Sodium Phosphate); 6209-17-2(Sulfacetamide Sodium);,"诺华制药;
","眼部感染;
眼睛发炎;
",2020-08-28,https://go.drugbank.com/drugs/DB00634
Sulfacytine(磺胺乙胞嘧啶),Sulfacytine,CCN1C=CC(NS(=O)(=O)C2=CC=C(N)C=C2)=NC1=O,"Renoquid; 
",撤市,无申报,1975,"Glenwood;
",NA,"泌尿系统感染;
",NA,NA,"泌尿系统感染;
",NA,NA,NA,"DHPS;
","Dihydropteroate synthase inhibitors(DHPS抑制剂); 
","化学药;
","有机杂环药物;
",NA,是,否,否,否,"美国;
",NA,"美国;
",17784-12-2(Sulfacytine);,"Glenwood Inc;
","泌尿系统感染;
",2020-08-28,https://go.drugbank.com/drugs/DB01298
Sulfaphenazole(磺胺苯吡唑),Sulfaphenazole,NC1=CC=C(C=C1)S(=O)(=O)NC1=CC=NN1C1=CC=CC=C1,"Sulfabid; 
Sulphaphenazole; 1-phenyl-5-sulfanilamidopyrazole; 5-sulfanilamido-1-phenylpyrazole; N'-(1-phenylpyrazol-5-yl)sulfanilamide; N(1)-(1-phenylpyrazol-5-yl)sulfanilamide; 3-(p-aminobenzenesulfonamido)-2-phenylpyrazole; Sulfaphenazolum; Sulfafenazol; Sulfafenazolo; 
",撤市,无申报,1974,"Purdue Pharma;
",NA,"细菌感染;
",NA,NA,"细菌感染;
",NA,NA,"J01ED08;
","DHPS;
","Dihydropteroate synthase inhibitors(DHPS抑制剂); 
","化学药;
","有机杂环药物;
",NA,是,否,否,否,"美国;
",NA,"美国;
",526-08-9(Sulfaphenazole);,"Purdue Pharma;
","细菌感染;
",2020-08-28,https://go.drugbank.com/drugs/DB06729
Sulfamethoxydiazine(磺胺对甲氧嘧啶),Sulfamethoxydiazine,COC1=CN=C(NS(=O)(=O)C2=CC=C(N)C=C2)N=C1,"Sulla; 
Sulfametoxydiazine; sulfamethoxydiazine; Sulfamethoxypyrimidine; 2-Sulfanilamido-5-methoxypyrimidine; 
磺胺甲肟; 2-(对氨基苯磺酰氨基)-5-甲氧基嘧啶; 
",撤市,无申报,1966,"拜耳;
",NA,"泌尿系统感染;
",NA,NA,"泌尿系统感染;
",NA,NA,"J01ED04;
","DHPS;
","Dihydropteroate synthase inhibitors(DHPS抑制剂); 
","化学药;
","有机杂环药物;
",NA,是,否,否,否,"美国;
",NA,"美国;
",651-06-9(Sulfameter);,NA,"泌尿系统感染;
",2021-01-18,https://go.drugbank.com/drugs/DB06821
Sulfisoxazole Acetyl(乙酰磺胺异噁唑),Sulfisoxazole Acetyl,CC(=O)N(C1=C(C)C(C)=NO1)S(=O)(=O)C1=CC=C(N)C=C1,"Lipo Gantrisin; Gantrisin; Gantrisin Pediatric; 
Acetyl Sulfafurazole; 
アセチルスルフイソキサゾール;
",撤市,无申报,1953,"罗氏;
",NA,"革兰氏阳性细菌感染;
革兰氏阴性细菌感染;
泌尿系统感染;
脑膜炎球菌感染;
细菌感染;
眼部感染;
衣原体感染;
",NA,NA,"革兰氏阳性细菌感染;
革兰氏阴性细菌感染;
泌尿系统感染;
脑膜炎球菌感染;
细菌感染;
眼部感染;
衣原体感染;
",NA,NA,"J01EB05;
S01AB02;
","DHPS;
","Dihydropteroate synthase inhibitors(DHPS抑制剂); 
","化学药;
","有机杂环药物;
",NA,是,否,否,否,"美国;
",NA,"美国;
",80-74-0(Acetyl Sulfafurazole);,"罗氏;
","革兰氏阳性细菌感染;
革兰氏阴性细菌感染;
泌尿系统感染;
脑膜炎球菌感染;
细菌感染;
眼部感染;
衣原体感染;
",2020-09-20,https://go.drugbank.com/drugs/DB14033
Sulfamethizole(磺胺甲二唑),Sulfamethizole,CC1=NN=C(NS(=O)(=O)C2=CC=C(N)C=C2)S1,"Thiosulfil; 
sulfametizol; sulfamethizolum; 
磺胺甲噻唑; 磺胺甲噻二唑; 磺胺甲基硫代二嗪; 
スルファメチゾール;
",撤市,无申报,1953,"辉瑞制药有限公司;
",NA,"泌尿系统感染;
",NA,NA,"泌尿系统感染;
",NA,NA,"J01EB02;
S01AB01;
D06BA04;
B05CA04;
","folP;
","Bacterial dihydropteroate synthase inhibitors(folP抑制剂); 
","化学药;
","有机杂环药物;
",NA,是,否,否,否,"美国;
",NA,"美国;
",144-82-1(Sulfamethizole);,"Wyeth-Ayerst;
","泌尿系统感染;
",2020-08-28,https://go.drugbank.com/drugs/DB00576
Chlorproguanil Hydrochloride/Dapsone(盐酸氯丙胍/氨苯砜),Chlorproguanil Hydrochloride,CC(C)NC(=N)NC(=N)NC1=CC=C(Cl)C(Cl)=C1,"CPG-DDS; 
Lapdap; 
Chlorproguanil /Dapsone; Chlorproguanil Hydrochloride- Dapsone mixt; Dapsone and Chlorproguanil Hydrochloride; Chlorproguanil Hydrochloride and Dapsone; Chlorproguanil Hydrochloride- Dapsone; Chlorproguanil Hydrochloride●Dapsone; Dapsone/Chlorproguanil Hydrochloride; 
氯丙胍/氨苯砜; 盐酸氯丙胍+氨苯砜; 盐酸氯丙胍氨苯砜; 盐酸氯丙胍和氨苯砜; 盐酸氯丙胍●氨苯砜; 盐酸氯丙胍-氨苯砜; 
塩酸クロルプログアニル●ダプソン;
",撤市,无申报,NA,"葛兰素史克;
",NA,"疟原虫感染;
",NA,NA,"疟原虫感染;
",NA,NA,NA,"DHPS;
","Dihydropteroate synthase inhibitors(DHPS抑制剂); 
","化学药;
","抗生素;
",NA,否,是,否,否,"非洲;
",NA,NA,15537-76-5(Chlorproguanil Hydrochloride); 80-08-0(Dapsone);,"葛兰素史克;
","疟原虫感染;
",2020-08-28,https://go.drugbank.com/drugs/DB12314
Chlorproguanil Hydrochloride/Dapsone(盐酸氯丙胍/氨苯砜),Dapsone,NC1=CC=C(C=C1)S(=O)(=O)C1=CC=C(N)C=C1,"CPG-DDS; 
Lapdap; 
Chlorproguanil /Dapsone; Chlorproguanil Hydrochloride- Dapsone mixt; Dapsone and Chlorproguanil Hydrochloride; Chlorproguanil Hydrochloride and Dapsone; Chlorproguanil Hydrochloride- Dapsone; Chlorproguanil Hydrochloride●Dapsone; Dapsone/Chlorproguanil Hydrochloride; 
氯丙胍/氨苯砜; 盐酸氯丙胍+氨苯砜; 盐酸氯丙胍氨苯砜; 盐酸氯丙胍和氨苯砜; 盐酸氯丙胍●氨苯砜; 盐酸氯丙胍-氨苯砜; 
塩酸クロルプログアニル●ダプソン;
",撤市,无申报,NA,"葛兰素史克;
",NA,"疟原虫感染;
",NA,NA,"疟原虫感染;
",NA,NA,NA,"DHPS;
","Dihydropteroate synthase inhibitors(DHPS抑制剂); 
","化学药;
","抗生素;
",NA,否,是,否,否,"非洲;
",NA,NA,15537-76-5(Chlorproguanil Hydrochloride); 80-08-0(Dapsone);,"葛兰素史克;
","疟原虫感染;
",2020-08-28,https://go.drugbank.com/drugs/DB00250
Artesunate/Chlorproguanil/Dapsone(青蒿琥酯/氯丙胍/氨苯砜),Artesunate,[H][C@@]12CC[C@@H](C)[C@]3([H])CC[C@@]4(C)OO[C@@]13[C@]([H])(O[C@@H](OC(=O)CCC(O)=O)[C@@H]2C)O4,"Dacart; 
Chlorproguanil/Dapsone/Artesunate; Artesunate/Dapsone/Chlorproguanil; Dapsone/Artesunate/Chlorproguanil; 
青蒿琥酯/氨苯砜/氯丙胍; 氯丙胍/氨苯砜/青蒿琥酯; 氨苯砜/青蒿琥酯/氯丙胍; 
",终止,无申报,NA,"World Health Organization;
葛兰素史克;
利物浦大学;
Mmv Medicines For Malaria Venture;
",NA,"疟原虫感染;
恶性疟;
",NA,NA,"疟原虫感染;
",NA,NA,NA,"DHPS;
ATP2A2;
ATP2A1;
","Dihydropteroate synthase inhibitors(DHPS抑制剂); 
","化学药;
","抗生素;
",NA,否,是,否,否,"尼日利亚;
坦桑尼亚;
布基纳法索;
加纳;
肯尼亚;
马里;
",NA,NA,88495-63-0(Artesunate); 80-08-0(Dapsone);,"葛兰素史克;
Mmv Medicines For Malaria Venture;
利物浦大学;
World Health Organization;
","恶性疟;
疟原虫感染;
",2020-08-28,https://go.drugbank.com/drugs/DB09274
Artesunate/Chlorproguanil/Dapsone(青蒿琥酯/氯丙胍/氨苯砜),Chlorproguanil,CC(C)NC(=N)NC(=N)NC1=CC=C(Cl)C(Cl)=C1,"Dacart; 
Chlorproguanil/Dapsone/Artesunate; Artesunate/Dapsone/Chlorproguanil; Dapsone/Artesunate/Chlorproguanil; 
青蒿琥酯/氨苯砜/氯丙胍; 氯丙胍/氨苯砜/青蒿琥酯; 氨苯砜/青蒿琥酯/氯丙胍; 
",终止,无申报,NA,"World Health Organization;
葛兰素史克;
利物浦大学;
Mmv Medicines For Malaria Venture;
",NA,"疟原虫感染;
恶性疟;
",NA,NA,"疟原虫感染;
",NA,NA,NA,"DHPS;
ATP2A2;
ATP2A1;
","Dihydropteroate synthase inhibitors(DHPS抑制剂); 
","化学药;
","抗生素;
",NA,否,是,否,否,"尼日利亚;
坦桑尼亚;
布基纳法索;
加纳;
肯尼亚;
马里;
",NA,NA,88495-63-0(Artesunate); 80-08-0(Dapsone);,"葛兰素史克;
Mmv Medicines For Malaria Venture;
利物浦大学;
World Health Organization;
","恶性疟;
疟原虫感染;
",2020-08-28,https://go.drugbank.com/drugs/DB12314
Artesunate/Chlorproguanil/Dapsone(青蒿琥酯/氯丙胍/氨苯砜),Dapsone,NC1=CC=C(C=C1)S(=O)(=O)C1=CC=C(N)C=C1,"Dacart; 
Chlorproguanil/Dapsone/Artesunate; Artesunate/Dapsone/Chlorproguanil; Dapsone/Artesunate/Chlorproguanil; 
青蒿琥酯/氨苯砜/氯丙胍; 氯丙胍/氨苯砜/青蒿琥酯; 氨苯砜/青蒿琥酯/氯丙胍; 
",终止,无申报,NA,"World Health Organization;
葛兰素史克;
利物浦大学;
Mmv Medicines For Malaria Venture;
",NA,"疟原虫感染;
恶性疟;
",NA,NA,"疟原虫感染;
",NA,NA,NA,"DHPS;
ATP2A2;
ATP2A1;
","Dihydropteroate synthase inhibitors(DHPS抑制剂); 
","化学药;
","抗生素;
",NA,否,是,否,否,"尼日利亚;
坦桑尼亚;
布基纳法索;
加纳;
肯尼亚;
马里;
",NA,NA,88495-63-0(Artesunate); 80-08-0(Dapsone);,"葛兰素史克;
Mmv Medicines For Malaria Venture;
利物浦大学;
World Health Organization;
","恶性疟;
疟原虫感染;
",2020-08-28,https://go.drugbank.com/drugs/DB00250
